id,user_name,tips_enabled,event_datetime
0,"vghgvb_0","false","2024-2-14 16:16:13"
1,"tyuik_0","false","2024-2-14 16:17:12"
2,"fgytgh_0","false","2024-2-14 16:18:31"
3,"u 9iik_0","false","2024-2-14 16:19:30"
4,"hi8uj_0","false","2024-2-14 16:20:26"
5,"yhgbniuj_0","false","2024-2-14 16:20:50"
6,"ukioiuj_0","false","2024-2-14 16:23:1"
7,"6787ui_0","true","2024-2-14 16:27:32"
8,"78uio98_0","true","2024-2-14 16:37:21"
9,"jkloo09i8k_0","true","2024-2-14 16:37:57"
10,"moik,_0",","true","2024-2-14 16:39:13"
11,"ukj_0","true","2024-2-14 16:49:8"
12,"juuyjko09_0","true","2024-2-14 16:50:56"
13,"ui_1","true","2024-2-14 17:7:41"
14,"ioo_0","true","2024-2-14 17:12:14"
15,"yuhji8u_0","true","2024-2-14 17:13:23"
16,"iooll_0","false","2024-2-14 17:13:42"
17,"tyhuy_0","true","2024-2-14 17:17:28"
18,"klol_0","true","2024-2-14 17:28:8"
19,"8909_0","true","2024-2-14 17:29:25"
20,"klool_0","true","2024-2-14 17:30:20"